node,pr,auth,hub
1,0.00026966453586364596,0.0,0.0026916826106150615
2,0.00031996329075557406,0.0009025696758938158,0.0
3,0.00036140833264204647,5.078198254361144e-98,0.0
4,0.0003852920064844916,0.00014016425034144494,0.0
5,0.00030617389435906795,5.567044929813682e-230,0.0
6,0.0030204242578756577,0.0011249976314832914,0.0
7,0.0006853260313746634,0.0004304758959160298,0.009848764997368174
8,0.00034940667873783045,0.001001465299835975,0.0144775496486925
9,0.00046555538465124606,0.0021736461426255143,0.012232076054959231
10,0.0003891471745978601,0.0005604892152654869,0.0
11,0.0011668822472847532,0.0003753517257084037,0.0
12,0.0002914395190336794,0.0004470823104860521,0.0
13,0.0009705666863035061,1.7427634005942811e-97,3.065939850142875e-97
14,0.00036140833264204647,5.078198254361144e-98,0.0
15,0.0016407407866667247,7.534217166834792e-97,0.0
16,0.00048299480339423275,3.122279537300705e-05,0.0
17,0.00041315801180869443,0.0012761059297773732,0.0
18,0.0002838382876750684,2.6839971771374276e-06,0.0
19,0.00030617389435906795,5.567044929813682e-230,0.0
20,0.0003327453174768176,5.684970083865485e-98,0.0
21,0.00043303006114385397,6.988543520070632e-05,0.0
22,0.0004159244237713679,0.00019130851780437612,0.0
23,0.00029874016245767684,8.89645818678831e-98,0.0
24,0.0002838382876750684,2.6839971771374276e-06,0.0
25,0.0006986697591466796,0.0026418170275557015,0.010614796669511978
26,0.0003727037081428068,3.337331086409823e-05,0.0
27,0.0003211841220032264,4.085391751236807e-05,0.0
28,0.00029984324774744685,0.0004225058215108581,0.0
29,0.0002838382876750684,2.6839971771374276e-06,0.0
30,0.0002838382876750684,2.6839971771374276e-06,0.0
31,0.0005754969962492976,2.2061897494462437e-97,0.0
32,0.0003029931815891772,0.0003801035796097659,0.0
33,0.0003642857082834034,3.2719482562846537e-98,0.0
34,0.00052655431872839,0.0003621159439640016,0.0
35,0.00048299480339423275,3.122279537300705e-05,0.0
36,0.001205830633044967,0.0003093274358308685,0.0035493808891505813
37,0.0002914395190336794,0.0004470823104860521,0.0
38,0.0003257363417420207,5.2242145344395794e-98,0.0
39,0.00030617389435906795,5.567044929813682e-230,0.0
40,0.0004760666194248404,0.0004650831132850176,0.0
41,0.004492128630108574,0.0015579967712428871,0.0042236994909595135
42,0.00048392716580681526,3.279235373769995e-05,0.0
43,0.010601653744773336,0.004766977693384371,9.507242931625e-312
44,0.00035357368506569795,0.0005001670615886329,0.0
45,0.0005123695768319382,2.5385934177722427e-97,0.0
46,0.00029838242298551004,0.00036937747924413016,0.0
47,0.000291031133265099,0.0005687567055503048,0.0
48,0.00029775056889951495,0.00034745254437756065,0.0
49,0.00048299480339423275,3.122279537300705e-05,0.0
50,0.0003891471745978601,0.0005604892152654869,0.01438292476478308
51,0.0018156528115556387,0.0,0.0
52,0.0003053507881982406,0.0004580478559405397,0.0
53,0.0003028076114520474,5.790921384037251e-06,0.0
54,0.000377072316022688,3.333808845130321e-05,0.0
55,0.0003000910716525041,0.0005323526904605419,0.0
56,0.0009395041714704349,0.00011812803265354002,0.0
57,0.002581208371639013,0.0005218479322453274,0.0
58,0.0003547020002321274,4.342119779858309e-05,0.0
59,0.0003891471745978601,0.0005604892152654869,0.009341523850175969
60,0.0003727037081428068,3.337331086409823e-05,0.0
61,0.00039856874176882277,1.1150202467755967e-97,0.0
62,0.005193568367649254,0.030178299306674528,0.009019280367757893
63,0.0004760666194248404,0.0004650831132850176,0.0007879269852315994
64,0.0004673206332597192,7.500558947603718e-98,0.0
65,0.00048299480339423275,3.122279537300705e-05,0.0
66,0.0009395041714704349,0.00011812803265354002,0.0
67,0.00039398227124549175,4.694284873876863e-98,0.0
68,0.00632210558565305,0.0030420277016645035,0.004045746072888595
69,0.00045171362344319785,0.0017339039378098465,0.0
70,0.00030617389435906795,5.567044929813682e-230,0.0
71,0.0006674257253906365,2.9159573898481964e-247,0.0
72,0.0003213362633340368,1.8088364407997486e-97,0.0
73,0.0004703440063981309,0.00027405572075831733,0.0
74,0.00035183789067560063,0.0012026100793171505,0.0
75,0.0003231235392351321,6.131953178142526e-07,0.0
76,0.0003925519041984088,3.466144651537821e-98,0.0
77,0.00039398227124549175,4.694284873876863e-98,0.0
78,0.0051815756980922775,0.030031742551759215,0.010018191760853468
79,0.0008779407766565637,0.0022705569798302963,0.015248839274668375
80,0.001005643146857022,0.0007376271398469036,0.0
81,0.00047543492560390434,0.0020226737904624186,0.012314962258963556
82,0.00048299480339423275,3.122279537300705e-05,0.0
83,0.00029226063674000596,9.191906221209175e-98,0.0
84,0.0020973066152161655,9.647204116284392e-97,3.0240163492375473e-97
85,0.0005624238707941626,0.0004148013043483635,0.0
86,0.0003350511082772734,0.0008747285028177559,0.0
87,0.0005743641093055358,5.219925725631557e-07,0.0
88,0.0006954029014153499,0.0007087387237688094,0.0
89,0.0003314880392311425,4.0602936557451873e-05,0.0
90,0.0008067861588501296,5.5326134024425445e-98,0.0
91,0.0003871367637313999,0.0011520165364115515,0.015291453223816802
92,0.00052655431872839,0.0003621159439640016,0.0
93,0.0003727037081428068,3.337331086409823e-05,0.0
94,0.00031335874430018856,3.410186016291877e-05,0.0
95,0.007491540196120813,0.0034426520625573725,0.003837619251545095
96,0.0003211841220032264,4.085391751236807e-05,0.0
97,0.0004141974794212214,0.00019221888303962013,0.0
98,0.001153112784943867,8.472839565498201e-06,0.0010709223407745195
99,0.0007005249426407675,0.0007746398964661388,0.0
100,0.0003231235392351321,6.131953178142526e-07,0.0
101,0.0003377491302051441,0.0010438554439535887,0.0
102,0.0003133745147316936,0.0003785934773173167,8.353200184917419e-05
103,0.0009164271894132897,1.0999211858958481e-97,0.0
104,0.0003009735077414966,0.00037357821737156265,0.0
105,0.00043802372514553986,3.7470447127822925e-05,0.0
106,0.0006895495867308472,0.0007249412761260627,0.0009176691485220234
107,0.0008067861588501296,5.5326134024425445e-98,0.0
108,0.00032735658270826126,3.4259518038884886e-05,0.0
109,0.00034812019171100324,0.0005512725122993378,0.0
110,0.0002947895164444538,0.0004393281433974428,0.0
111,0.00036140833264204647,5.078198254361144e-98,0.0
112,0.0009395041714704349,0.00011812803265354002,0.0
113,0.0006674257253906365,2.9159573898481964e-247,0.0
114,0.0002903219441073093,5.680527031366342e-05,0.0
115,0.00052655431872839,0.0003621159439640016,0.0
116,0.00048392716580681526,3.279235373769995e-05,0.0
117,0.0018975194740370512,0.00024713088699500926,0.0010648609414160863
118,0.0003213362633340368,1.8088364407997486e-97,0.0
119,0.0002947895164444538,0.0004393281433974428,0.0
120,0.0006071293978097546,1.8468935870228834e-97,0.0
121,0.0003009735077414966,0.00037357821737156265,0.0
122,0.0003727037081428068,3.337331086409823e-05,0.0
123,0.00048392716580681526,3.279235373769995e-05,0.0
124,0.00038541770185794035,5.8045079596605276e-98,0.0
125,0.0003102332502487901,0.00039850422057214545,0.0
126,0.00029775056889951495,0.00034745254437756065,0.0
127,0.0003559257992810864,0.0004021602543051923,0.0
128,0.00048299480339423275,3.122279537300705e-05,0.0
129,0.00034651759032009496,0.00038438439870135387,0.0
130,0.0002838382876750684,2.6839971771374276e-06,0.0
131,0.0008067861588501296,5.5326134024425445e-98,2.120505497778729e-97
132,0.0003528884827045066,3.3288796836673885e-05,0.0
133,0.0005896267973712016,0.0007265352669354287,0.0
134,0.002404070753851304,0.01347497322938835,0.010117415795246975
135,0.002237154242298556,0.0006795799018596903,0.004130185242609681
136,0.00040599751625050655,3.931285819305385e-05,0.0
137,0.00044810194310290947,0.0025551559216575245,0.0
138,0.0005743641093055358,5.219925725631557e-07,0.0
139,0.0005802806455255147,0.004622731058938338,0.0
140,0.0003891471745978601,0.0005604892152654869,0.014312703806936292
141,0.0007296870021231852,0.000388246780402944,0.0
142,0.00736387838111359,0.003337112230865442,0.0
143,0.0007351476174074078,0.0008056494596722836,0.0
144,0.00029226063674000596,9.191906221209175e-98,0.0
145,0.00029226063674000596,9.191906221209175e-98,0.0
146,0.00039423872913695913,1.135021123609865e-97,0.0
147,0.00032735658270826126,3.4259518038884886e-05,0.0
148,0.0003925519041984088,3.466144651537821e-98,0.0
149,0.0003231235392351321,6.131953178142526e-07,0.0
150,0.00038541770185794035,5.8045079596605276e-98,0.0
151,0.00041631565800198894,0.0012236462869692787,0.0
152,0.00048392716580681526,3.279235373769995e-05,0.0
153,0.00029874016245767684,8.89645818678831e-98,0.0
154,0.0006274813457983083,0.0006602843076442384,0.0015272525587674373
155,0.00043802372514553986,3.7470447127822925e-05,0.0
156,0.002863977626505639,0.0006504594629459594,0.001033502851367463
157,0.002332707603917772,0.000447780846753472,0.0010074212469742129
158,0.0004184221999663492,1.2181728622618263e-97,0.0
159,0.00032735658270826126,3.4259518038884886e-05,0.0
160,0.0006324165925975352,0.0018278081571202619,0.0
161,0.0005971825689852462,0.0001135887663254227,0.0
162,0.0015678035158814502,6.345386879892194e-97,0.0
163,0.00032841530484495395,5.88497885220817e-98,0.0
164,0.0005881600456898161,2.6293810150469615e-97,0.0
165,0.001153112784943867,8.472839565498201e-06,0.0
166,0.0006557865898335575,0.0006985090208979011,0.00045676054119911955
167,0.000353194205492498,0.0010584678112231804,0.0
168,0.0003257363417420207,5.2242145344395794e-98,0.0
169,0.00048712815570301795,0.0004299513560234117,0.014051808653120019
170,0.0003354879601556511,5.465232383890482e-98,0.0
171,0.0009772306932872515,0.004526208964253874,0.016151456421619102
172,0.0003645916564402116,2.5519502189650183e-97,0.0
173,0.0003743911814872127,3.960688314213868e-05,0.0
174,0.0004036888143658744,0.00025749592135006086,0.0
175,0.00032479123785123193,0.00036928856036098364,0.0
176,0.0003469439150730166,3.991578360027665e-05,0.0
177,0.0003645916564402116,2.5519502189650183e-97,0.0
178,0.0003213362633340368,1.8088364407997486e-97,0.0
179,0.00036140833264204647,5.078198254361144e-98,0.0
180,0.0034766262016124073,0.0239631465804717,0.011559566656515153
181,0.0003327453174768176,5.684970083865485e-98,0.0
182,0.0003925519041984088,3.466144651537821e-98,0.0
183,0.0003354879601556511,4.07024619541621e-98,0.0
184,0.00032735658270826126,3.4259518038884886e-05,0.0
185,0.0004658059390385502,0.00037631139383303763,0.015418149816114243
186,0.0007033794584864442,0.0007944984172883824,0.0
187,0.00037333280220561697,0.0009330366620719588,0.009679234175838153
188,0.00030617389435906795,5.567044929813682e-230,0.0
189,0.0021034187506472997,9.680995066598852e-97,2.847973199814121e-97
190,0.0002886338596406249,3.1069242068998236e-06,0.0
191,0.0009011173644713256,0.00015034565547189814,0.003835018896947645
192,0.0004361124295453674,7.164516672458748e-293,0.0
193,0.00038265634914853635,0.000159556383404363,0.0
194,0.0003891471745978601,0.0005604892152654869,0.014445623455825559
195,0.00048299480339423275,3.122279537300705e-05,0.0
196,0.0002991379698707756,0.00034927988912052165,0.0
197,0.00035121015213088625,0.00024380130436067087,0.0
198,0.0002914395190336794,0.0004470823104860521,0.0
199,0.0006444234566703565,0.0007350398980771258,0.0008879360294599724
200,0.00042121254825425706,3.908223629118948e-05,0.0
201,0.0003925519041984088,3.466144651537821e-98,0.0
202,0.0008238655199165215,0.001998062888924847,0.010898737501098954
203,0.0006225931120766257,0.002008017074474618,8.1607563987219895e-230
204,0.0003727037081428068,3.337331086409823e-05,0.0
205,0.0003086811078840427,0.0006007440241122139,0.0
206,0.0003743911814872127,3.960688314213868e-05,0.0
207,0.0009296735271848923,8.998758053980365e-98,4.634851945095701e-97
208,0.0003925519041984088,3.466144651537821e-98,0.0
209,0.0012434089161136028,0.00029778717248196896,0.003944045028294212
210,0.0005907810256952056,3.314612857114939e-97,0.0
211,0.0003086811078840427,0.0006007440241122139,0.0
212,0.0008655369278314376,1.1417592254650715e-97,3.349061420430591e-97
213,0.0003102332502487901,0.0003835380134396964,0.0
214,0.0003891471745978601,0.0005604892152654869,0.0
215,0.00043802372514553986,3.7470447127822925e-05,0.0
216,0.00047716149863634086,1.0882706214021672e-97,0.0
217,0.00048299480339423275,3.122279537300705e-05,0.0
218,0.0003086811078840427,0.0006007440241122139,0.0
219,0.001153112784943867,8.472839565498201e-06,0.0010983884014965743
220,0.009693738087315199,0.004457014834133546,0.0037105884607337627
221,0.00038094667529844765,0.000771189135293019,0.0
222,0.00048299480339423275,3.122279537300705e-05,0.0
223,0.0007207148375156676,0.0007159791855414015,0.0
224,0.0003469439150730166,3.991578360027665e-05,0.0
225,0.00279768598723776,0.01250962222866354,0.0
226,0.00029226063674000596,9.191906221209175e-98,0.0
227,0.0006787495924872687,0.00015047917122281722,0.0
228,0.0005415977752430932,0.0005026664108970806,0.0
229,0.0004267398565495339,8.550436461912389e-98,0.0
230,0.0004361124295453674,7.164516672458748e-293,0.0
231,0.0008067861588501296,5.5326134024425445e-98,1.724402193091888e-97
232,0.0006477294165056225,0.0005567197012649875,0.0007106511281136762
233,0.00039705842159060844,8.110692281276658e-05,0.0
234,0.0006322936209051021,8.46527e-319,0.0
235,0.00032735658270826126,3.4259518038884886e-05,0.0
236,0.0006322936209051021,8.46527e-319,0.0
237,0.0011958468960533498,0.00035729974251840147,0.0
238,0.0002947895164444538,0.0004393281433974428,0.0
239,0.00043957564029705284,1.0207945214589046e-97,0.0
240,0.00031695449012023833,0.00011167453097082696,0.0
241,0.00040599751625050655,3.931285819305385e-05,0.0
242,0.00038541770185794035,5.8045079596605276e-98,0.0
243,0.00030617389435906795,5.567044929813682e-230,0.0
244,0.000335234918223112,4.0503986255314696e-05,0.0
245,0.0002945695636257931,0.00044335932305093664,0.0
246,0.0003372839926718453,4.104973058748921e-05,0.0
247,0.0008067861588501296,5.5326134024425445e-98,0.0
248,0.0003314880392311425,4.0602936557451873e-05,0.0
249,0.0009313745529965561,0.00048202364045702627,0.0
250,0.0004337685920790757,0.0021529742818979887,0.01236223165405317
251,0.00030617389435906795,5.567044929813682e-230,0.0
252,0.00038541770185794035,5.8045079596605276e-98,0.0
253,0.00029984324774744685,0.0004225058215108581,0.0
254,0.005495720232395899,0.002268187075407846,0.003829121465115321
255,0.0005316793899781427,2.0665545233362708e-97,0.0
256,0.000377072316022688,3.333808845130321e-05,0.0
257,0.0003354879601556511,4.07024619541621e-98,0.0
258,0.0004231312317384121,1.908377446307661e-97,0.0
259,0.0008003287549135611,0.0006283321891416703,0.0
260,0.000291877257719705,0.0005551171315162552,0.0
261,0.0008484558235634317,0.00037443811016645733,0.0
262,0.000379305566426806,5.466598456515936e-98,0.0
263,0.00029874016245767684,8.89645818678831e-98,0.0
264,0.0005880909595849677,9.13615541946341e-07,0.0
265,0.00047265017800022656,1.9110405629525618e-97,0.0
266,0.00036989517488103676,0.0009983548227853899,0.011359387842597048
267,0.00048712815570301795,0.0004299513560234117,0.01401303267160526
268,0.0003498061143029933,3.659663836403244e-05,0.0
269,0.0007684852094026939,0.00019851352374414705,0.0
270,0.0003263353220125438,0.000761700044364901,0.0
271,0.0006674257253906365,2.9159573898481964e-247,0.0
272,0.0008067861588501296,5.5326134024425445e-98,2.7216967008851596e-97
273,0.009777718894668044,0.004490627859396244,0.003887824171309184
274,0.00040599751625050655,3.931285819305385e-05,0.0
275,0.00029226063674000596,9.191906221209175e-98,0.0
276,0.0002991379698707756,0.00034927988912052165,0.0
277,0.0005401562415076573,0.0029781692557326787,0.0
278,0.00035357368506569795,0.0005001670615886329,0.0
279,0.00032841530484495395,5.88497885220817e-98,0.0
280,0.0003925519041984088,3.466144651537821e-98,0.0
281,0.0008143886500639694,0.00019383543035402407,0.0
282,0.0003925519041984088,3.466144651537821e-98,0.0
283,0.0006486309508551355,0.0007056198589772381,0.0016789159816059038
284,0.0016622860397431487,7.904565959169013e-97,2.6456255470025705e-97
285,0.00029226063674000596,9.191906221209175e-98,0.0
286,0.0005880909595849677,9.13615541946341e-07,0.0
287,0.0002886338596406249,3.1069242068998236e-06,0.0
288,0.00046786241153529135,5.245398926180764e-07,0.0
289,0.0005968384796875657,0.000580075250227561,0.0
290,0.0020295502902338354,0.0004253565520218923,0.004263842104004055
291,0.0003231235392351321,6.131953178142526e-07,0.0
292,0.00030617389435906795,5.567044929813682e-230,0.0
293,0.0003211841220032264,4.085391751236807e-05,0.0
294,0.000433932326148184,0.00035779158145691933,0.0
295,0.0003372839926718453,4.104973058748921e-05,0.0
296,0.00044862371007678355,8.6903591859774e-98,0.0
297,0.0003608137433376689,0.0007641886653016298,0.0
298,0.007257341352350147,0.003270702382151823,0.0
299,0.0006211953360642276,2.1584053610390848e-97,0.0
300,0.0006169236752155706,0.0003726208136058412,0.0099286016177813
301,0.0003053507881982406,0.0004580478559405397,0.0
302,0.0004347643628673033,6.759760649018809e-05,0.0
303,0.00032841530484495395,5.88497885220817e-98,0.0
304,0.00030617389435906795,5.567044929813682e-230,0.0
305,0.0006373475030243793,1.4404420770039778e-97,0.0
306,0.00039354089369174794,0.00013590393531384058,0.0
307,0.0007918277291449077,0.00043047334859597485,0.0
308,0.0004070326884371841,0.0005007802569064471,0.0
309,0.000582332108074218,0.000889673972325827,0.010178771331827052
310,0.00032735658270826126,3.4259518038884886e-05,0.0
311,0.0006252766008628764,0.000142421944976552,0.0
312,0.00043978347028034626,0.0017612438665332616,0.009390653392541089
313,0.0003925519041984088,3.466144651537821e-98,0.0
314,0.00029874016245767684,8.89645818678831e-98,0.0
315,0.0003213362633340368,1.8088364407997486e-97,0.0
316,0.0004361124295453674,7.164516672458748e-293,0.0
317,0.000291031133265099,0.0005687567055503048,0.0
318,0.00041025668921696156,8.104660491482108e-98,0.0
319,0.00034812019171100324,0.0005512725122993378,0.0
320,0.001153112784943867,8.472839565498201e-06,0.001073165963335538
321,0.00046198391867390156,0.00014795153570574943,0.0
322,0.00042260057257996274,9.1641612562938e-98,0.0
323,0.0003925519041984088,3.466144651537821e-98,0.0
324,0.0019017977300677294,0.0010068660049908447,0.0038336862469803418
325,0.00048299480339423275,3.122279537300705e-05,0.0
326,0.0003743911814872127,3.960688314213868e-05,0.0
327,0.0003642857082834034,3.2719482562846537e-98,0.0
328,0.0006674257253906365,2.9159573898481964e-247,0.0
329,0.002664432318479874,0.0005551367290820013,0.0
330,0.0006322936209051021,8.46527e-319,0.0
331,0.005410620109715592,0.002435782463727622,0.003053919698991022
332,0.00031851535494628873,0.00037637794923551946,0.0
333,0.0006989546367894917,3.1714080370908227e-97,0.0
334,0.0005181653035848872,7.406708549185536e-05,0.0
335,0.00043802372514553986,3.7470447127822925e-05,0.0
336,0.0003891471745978601,0.0005604892152654869,0.013699564499797074
337,0.0007968858211192691,0.003434810392937862,0.0
338,0.0002838382876750684,2.6839971771374276e-06,0.0
339,0.00032735658270826126,3.4259518038884886e-05,0.0
340,0.00032735658270826126,3.4259518038884886e-05,0.0
341,0.0004883519087749472,0.00044053878441086057,0.0
342,0.00029874016245767684,8.89645818678831e-98,0.0
343,0.00035982381160791174,4.0106804456124475e-05,0.0
344,0.00048392716580681526,3.279235373769995e-05,0.0
345,0.00032735658270826126,3.4259518038884886e-05,0.0
346,0.0002903219441073093,5.680527031366342e-05,0.0
347,0.0006677454769289993,0.00020209280720381336,0.0
348,0.0003086811078840427,0.0006007440241122139,0.0
349,0.0002945695636257931,0.00044335932305093664,0.0
350,0.0003410547175503417,0.0011742131356964533,0.0
351,0.00038541770185794035,5.8045079596605276e-98,0.0
352,0.0026261794498877063,0.0005156002804905115,0.0008816471759986926
353,0.0004361124295453674,7.164516672458748e-293,0.0
354,0.0003891471745978601,0.0005604892152654869,0.0
355,0.0004347643628673033,6.759760649018809e-05,0.0
356,0.0006092537159192649,0.0006247561500324106,0.0
357,0.002282394755808635,0.01698465543996705,0.0
358,0.001989345304273786,0.0,0.0
359,0.0006001260201208001,0.0001610430766163241,0.0
360,0.0007874167090816678,0.00010384748247524567,0.0
361,0.0026585696262291505,0.0008170141214180714,0.0018202648267946666
362,0.004513760164205868,0.0015604242502835117,0.0
363,0.00030617389435906795,5.567044929813682e-230,0.0
364,0.0003925902570860946,0.0011009110857008466,0.0
365,0.001153112784943867,8.472839565498201e-06,0.0
366,0.0006753314544354274,0.000714262592685865,0.0
367,0.00909484859823553,0.00411021140695974,0.0
368,0.00034812019171100324,0.0005512725122993378,0.0
369,0.0008199250731963009,0.001377948606265143,0.0
370,0.0027235517832106715,0.010707669711890085,0.0
371,0.00036140833264204647,5.078198254361144e-98,0.0
372,0.000622089267565819,0.0004241216387352632,0.0
373,0.0005510231361963674,0.0005160957549542643,0.0
374,0.011065796188856246,0.004884948280187344,0.0
375,0.00030617389435906795,5.567044929813682e-230,0.0
376,0.00048299480339423275,3.122279537300705e-05,0.0
377,0.0005213610289692914,1.1822384718197043e-97,0.0
378,0.0003243505803653893,0.0007310440388931426,0.0
379,0.00029874016245767684,8.89645818678831e-98,0.0
380,0.00043955719874815685,1.223293010664486e-97,0.0
381,0.00030617389435906795,5.567044929813682e-230,0.0
382,0.0004102914456658234,0.0014975335708252134,0.010170011171859615
383,0.0003211841220032264,4.085391751236807e-05,0.0
384,0.0003086811078840427,0.0006007440241122139,0.0
385,0.00029775056889951495,0.00034745254437756065,0.0
386,0.002383138288011695,0.013384910174676011,0.014821377494345355
387,0.011065796188856246,0.004884948280187344,0.003175961299643855
388,0.0009164271894132897,1.0999211858958481e-97,2.1018378949065096e-97
389,0.0004554100336953669,0.00040876816555923803,0.0
390,0.00030339338408348653,0.000351255200106473,0.0
391,0.0003085845969920235,0.00036001348344872594,0.0
392,0.0002838382876750684,2.6839971771374276e-06,0.0
393,0.0012303386539353415,4.498493292869311e-97,0.0
394,0.005381162222806675,0.029321375592912122,0.0
395,0.0005896267973712016,0.0007265352669354287,0.0
396,0.00039048395923607735,1.3974656441149456e-97,0.0
397,0.0004195656443377152,0.0009175915960158316,0.01251888550218739
398,0.0008067861588501296,5.5326134024425445e-98,0.0
399,0.00029874016245767684,8.89645818678831e-98,0.0
400,0.0003038957223095966,0.0004656326623224782,0.0
401,0.00035982381160791174,3.983233336453867e-05,0.0
402,0.00035982381160791174,3.983233336453867e-05,0.0
403,0.00029984324774744685,0.0004225058215108581,0.0
404,0.0003743911814872127,3.960688314213868e-05,0.0
405,0.00029874016245767684,8.89645818678831e-98,0.0
406,0.00030118518139211735,0.0005226488470123947,0.0
407,0.0003925519041984088,3.466144651537821e-98,0.0
408,0.0004267398565495339,8.550436461912389e-98,0.0
409,0.0003469439150730166,3.991578360027665e-05,0.0
410,0.011735635824463034,0.005003076312840885,2.8823654820133167e-97
411,0.00046215329962451685,2.1424836327854035e-97,0.0
412,0.0005640687442461628,6.93889921017324e-05,0.0
413,0.00034651759032009496,0.00038438439870135387,0.0
414,0.00032735658270826126,3.4259518038884886e-05,0.0
415,0.010562116885857611,0.004781202522442638,0.0
416,0.00052655431872839,0.0003621159439640016,0.0
417,0.00039354089369174794,0.00013590393531384058,0.0
418,0.0003372839926718453,4.104973058748921e-05,0.0
419,0.0006252766008628764,0.000142421944976552,0.0
420,0.0002947895164444538,0.0004393281433974428,0.0
421,0.0020540236736129812,0.0002541110835244168,0.0023137595672905555
422,0.001153112784943867,8.472839565498201e-06,0.0009839282389662806
423,0.0003727037081428068,3.337331086409823e-05,0.0
424,0.00038665605101517145,0.001594421549474946,0.0
425,0.0008067861588501296,5.5326134024425445e-98,0.0
426,0.0003211841220032264,4.085391751236807e-05,0.0
427,0.0003528884827045066,3.3288796836673885e-05,0.0
428,0.00029874016245767684,8.89645818678831e-98,0.0
429,0.00029984324774744685,0.0004225058215108581,0.0
430,0.00043303006114385397,6.988543520070632e-05,0.0
431,0.0003743911814872127,3.960688314213868e-05,0.0
432,0.0005687777264681219,0.0006099491391835192,0.0
433,0.000379305566426806,5.466598456515936e-98,0.0
434,0.000561328169091266,0.000419832111892063,0.0
435,0.00036140833264204647,5.078198254361144e-98,0.0
436,0.0003231200035537366,0.0008332326000730205,0.0
437,0.0007380081576740313,0.0007359577047973843,0.0016746454091398763
438,0.0007697317361224065,0.0008267433512769843,0.0
439,0.005299227270433502,0.0018187165332784968,1.4130542026161329e-247
440,0.0003086811078840427,0.0006007440241122139,0.0
441,0.0009193818834395816,0.00033546688554171133,0.01081238191510369
442,0.0003028076114520474,5.790921384037251e-06,0.0
443,0.00034783184351865233,5.129746960227902e-98,0.0
444,0.0005499796951998557,3.6206273366850515e-97,0.0
445,0.0022590708159085683,3.098652972302e-311,0.0
446,0.00032735658270826126,3.4259518038884886e-05,0.0
447,0.0009538000227417682,0.000946196702128013,0.0
448,0.00035542263520350935,0.0015106765316420892,0.0
449,0.00034812019171100324,0.0005512725122993378,0.011811668660975817
450,0.0003705937864447205,3.309937877148582e-98,0.0
451,0.0003029931815891772,0.0003801035796097659,0.0
452,0.0006760456075472807,0.0005322598109321915,0.0009168274460116344
453,0.00029487714635825974,0.00038176414977262105,0.0
454,0.00032296317939412873,0.0007292166941501818,0.0
455,0.0003528884827045066,3.3288796836673885e-05,0.0
456,0.00029226063674000596,9.191906221209175e-98,0.0
457,0.0003645916564402116,2.5519502189650183e-97,0.0
458,0.00045005407712386656,9.918499408316443e-98,0.0
459,0.00043380273498467816,0.0017721158444027208,0.010043932283570776
460,0.0009399107775062024,0.0003217222784023532,0.0
461,0.000377072316022688,3.333808845130321e-05,0.0
462,0.0007464299285434477,0.0031298490682446422,0.014501889417177068
463,0.005183599799812657,0.0016785522829370516,0.0
464,0.0006322936209051021,8.46527e-319,0.0
465,0.0012999130267580545,5.082473292409115e-97,0.0
466,0.0002886338596406249,3.1069242068998236e-06,0.0
467,0.000943248889893627,0.0009178857633491315,0.0
468,0.010539731837222439,0.004458192819991975,0.0
469,0.00030617389435906795,5.567044929813682e-230,0.0
470,0.00030617389435906795,5.567044929813682e-230,0.0
471,0.0019653331352413143,9.960297131487101e-97,0.0
472,0.0007052069463911913,1.07460055577934e-06,0.0
473,0.00045171362344319785,0.0017339039378098465,0.0
474,0.001153112784943867,8.472839565498201e-06,0.0011036529837856366
475,0.0002838382876750684,2.6839971771374276e-06,0.0
476,0.0003211841220032264,4.085391751236807e-05,0.0
477,0.0006441284339441581,0.000691749781198388,0.0014895940096558077
478,0.0006252766008628764,0.000142421944976552,0.0
479,0.0051199475370874445,0.0022786844186592527,0.0
480,0.001153112784943867,8.472839565498201e-06,5.096144746611922e-293
481,0.0006674257253906365,2.9159573898481964e-247,0.0
482,0.0004347643628673033,6.759760649018809e-05,0.0
483,0.00047174388108265454,0.002500319022020709,0.0
484,0.0003347023559613371,0.0007248334174780357,0.0
485,0.000410391484434985,2.3227629162832952e-97,0.0
486,0.000353194205492498,0.0010584678112231804,0.0
487,0.00042121254825425706,3.908223629118948e-05,0.0
488,0.00048392716580681526,3.279235373769995e-05,0.0
489,0.00043802372514553986,3.7470447127822925e-05,0.0
490,0.0009290244156560435,5.174749557680603e-97,0.0
491,0.0002914395190336794,0.0004470823104860521,0.0
492,0.0013092253109059965,0.0008861944095833933,0.0009314472327266412
493,0.00040599751625050655,3.931285819305385e-05,0.0
494,0.01025182743038182,0.004454863762637377,0.0
495,0.0002914395190336794,0.0004470823104860521,0.0
496,0.00035357368506569795,0.0005001670615886329,0.0
497,0.0007943770631081145,0.0002906434215642622,0.004255002419918281
498,0.0002886338596406249,3.1069242068998236e-06,0.0
499,0.0006169236752155706,0.0003726208136058412,0.015042330538196001
500,0.0006423646711792096,0.0006559323720425317,0.0
501,0.004648063150874622,0.025391313980572688,0.013875623828043863
502,0.0017224894457149636,8.440598370092683e-97,2.445615426016638e-97
503,0.0002838382876750684,2.6839971771374276e-06,0.0
504,0.0002838382876750684,2.6839971771374276e-06,0.0
505,0.0003009735077414966,0.00037357821737156265,0.0
506,0.002784647245776119,0.019213655536293364,0.012986844290576323
507,0.00030617389435906795,5.567044929813682e-230,0.0
508,0.0005510231361963674,0.0005160957549542643,0.0
509,0.00048392716580681526,3.279235373769995e-05,0.0
510,0.00048712815570301795,0.0004299513560234117,1.403416421931495e-05
511,0.0004159244237713679,0.00019130851780437612,0.0
512,0.0002838382876750684,2.6839971771374276e-06,0.0
513,0.00029874016245767684,8.89645818678831e-98,0.0
514,0.0003727037081428068,3.337331086409823e-05,0.0
515,0.0005275651721939764,0.0003933998566639014,0.0
516,0.00048712815570301795,0.0004299513560234117,0.0
517,0.0006286917647159932,0.0006567209863216198,0.0009168542444206447
518,0.00039048395923607735,1.3974656441149456e-97,0.0
519,0.0003213362633340368,1.8088364407997486e-97,0.0
520,0.00030617389435906795,5.567044929813682e-230,0.0
521,0.0017392230196293039,0.009856012137549422,8.8969e-319
522,0.00040599751625050655,3.931285819305385e-05,0.0
523,0.000696308723947787,0.0007131667221570262,2.8891446857040603e-05
524,0.0003727037081428068,3.337331086409823e-05,0.0
525,0.0003354879601556511,4.07024619541621e-98,0.0
526,0.00032735658270826126,3.4259518038884886e-05,0.0
527,0.0003908012484401186,0.0015592512433544455,0.0
528,0.002433495636882865,0.017500145702379476,0.0
529,0.000379305566426806,5.466598456515936e-98,0.0
530,0.0006150497232938517,3.4322572566022665e-97,0.0
531,0.0008679715210285691,0.0008048033101369959,0.0
532,0.000291877257719705,0.0005551171315162552,0.0
533,0.0004475678923365004,1.6794163470513234e-97,0.0
534,0.0002914395190336794,0.0004470823104860521,0.0
535,0.00038541770185794035,5.8045079596605276e-98,0.0
536,0.0003085845969920235,0.00036001348344872594,0.0
537,0.0003372839926718453,4.104973058748921e-05,0.0
538,0.0019413647489649765,0.007397049255907323,0.0
539,0.0004891366724433016,0.0007545790420973277,0.0
540,0.0004438136070762785,0.001713636168673378,0.009930992269054644
541,0.0002838382876750684,2.6839971771374276e-06,0.0
542,0.00046786241153529135,5.245398926180764e-07,0.0
543,0.00030617389435906795,5.567044929813682e-230,0.0
544,0.0003743911814872127,3.960688314213868e-05,0.0
545,0.0003743911814872127,3.960688314213868e-05,0.0
546,0.00044416847083924833,1.1689486811868697e-97,0.0
547,0.000379305566426806,5.466598456515936e-98,0.0
548,0.0003528884827045066,3.3288796836673885e-05,0.0
549,0.0005499796951998557,3.6206273366850515e-97,0.0
550,0.0004921958322983305,1.7779999455708438e-97,0.0
551,0.00036140833264204647,5.078198254361144e-98,0.0
552,0.0006050099745757471,0.0009133884562633395,0.009797688496139899
553,0.001153112784943867,8.472839565498201e-06,0.0
554,0.01094565207093624,0.0048678777654368,0.0036349149704606944
555,0.0005213610289692914,1.1822384718197043e-97,0.0
556,0.0007564750420408087,0.0008019105509722625,0.0008337155072292227
557,0.0003000910716525041,0.0005349645181306107,0.0
558,0.00030617389435906795,5.567044929813682e-230,0.0
559,0.0010787578027086787,0.0002851599601750465,0.004255002419918281
560,0.00031996329075557406,0.0009025696758938158,0.0
561,0.00048392716580681526,3.279235373769995e-05,0.0
562,0.0004554100336953669,0.00040876816555923803,0.0
563,0.0004632143780279602,0.00030298304877520306,0.0
564,0.0022590708159085683,3.098652972302e-311,0.0
565,0.0006677454769289993,0.00020209280720381336,0.0
566,0.0026021098335055376,0.0004950645698199635,0.0
567,0.0003958260990899892,2.9898224014090874e-98,0.0
568,0.00030617389435906795,5.567044929813682e-230,0.0
569,0.0003904363961263713,0.00011499213694254342,0.0
570,0.0003469439150730166,3.991578360027665e-05,0.0
571,0.0002914395190336794,0.0005772192018089889,0.0
572,0.0003350511082772734,0.0008747285028177559,0.0
573,0.0003528884827045066,3.3288796836673885e-05,0.0
574,0.0004141974794212214,0.00019221888303962013,0.0
575,0.0025010667931996654,0.00048525129388129497,0.0
576,0.0003133745147316936,0.0003785934773173167,1.6486218848791893e-05
577,0.00029226063674000596,9.191906221209175e-98,0.0
578,0.009520589629556356,0.004413526198366382,0.0036470009432463947
579,0.0006001260201208001,0.0001610430766163241,0.0
580,0.0005206573179717729,0.0012772278891097224,0.010119205187466479
581,0.000408503361132853,0.0017207732419618567,0.010219371571512956
582,0.0003645916564402116,2.5519502189650183e-97,0.0
583,0.0003958260990899892,2.9898224014090874e-98,0.0
584,0.0003498061143029933,3.659663836403244e-05,0.0
585,0.0006359145970193231,0.0007189105309525154,0.0007593567564752341
586,0.0006169236752155706,0.0003726208136058412,0.0
587,0.0004334450633170225,1.1895020603500266e-97,0.0
588,0.0006107211772766829,0.00015318181450384787,0.0
589,0.0003498061143029933,3.659663836403244e-05,0.0
590,0.00029226063674000596,9.191906221209175e-98,0.0
591,0.0025505246431565677,1.2074548499273326e-96,0.0
592,0.0003086811078840427,0.0006007440241122139,0.0
593,0.00034812019171100324,0.0005512725122993378,0.014185617838651994
594,0.0005572387349050131,0.0035498861260527884,0.0
595,0.00030428721063028614,3.1009563206144774e-05,0.0
596,0.00030939578409046754,0.0005183839834850013,0.0
597,0.0003211841220032264,4.085391751236807e-05,0.0
598,0.0005981258021692541,0.003099410847229314,0.0
599,0.00041308006011243735,2.3166562662358628e-97,0.0
600,0.0002945695636257931,0.00044335932305093664,0.0
601,0.0003304757687790485,0.0008973759993379825,0.0
602,0.0004483782260271756,1.7778633383082982e-97,0.0
603,0.0003727037081428068,3.337331086409823e-05,0.0
604,0.0003354879601556511,5.465232383890482e-98,0.0
605,0.00034443326492495643,4.034414296065897e-98,0.0
606,0.0004715941844573142,0.002253659071413196,0.013718661993397914
607,0.0006322936209051021,8.46527e-319,0.0
608,0.000377072316022688,3.333808845130321e-05,0.0
609,0.0006608893891171787,0.0023057585460159727,0.0
610,0.00031996329075557406,0.0009025696758938158,0.0
611,0.0007522092798310213,0.0007848820591780388,0.0014752014782011165
612,0.00029874016245767684,8.89645818678831e-98,0.0
613,0.0003743911814872127,3.960688314213868e-05,0.0
614,0.0006674257253906365,2.9159573898481964e-247,0.0
615,0.00032093900333483773,1.6988942570421403e-05,0.0
616,0.0002947895164444538,0.0004393281433974428,0.0
617,0.0003211841220032264,4.085391751236807e-05,0.0
618,0.0003211841220032264,4.085391751236807e-05,0.0
619,0.00029503660346047087,3.410086341168338e-05,0.0
620,0.00039705842159060844,8.110692281276658e-05,0.0
621,0.0003742215628118401,0.0008240975495089583,0.0
622,0.000408503361132853,0.0017207732419618567,0.0
623,0.000379305566426806,5.466598456515936e-98,0.0
624,0.0006674257253906365,2.9159573898481964e-247,0.0
625,0.00043802372514553986,3.7470447127822925e-05,0.0
626,0.00032735658270826126,3.4259518038884886e-05,0.0
627,0.00048299480339423275,3.122279537300705e-05,0.0
628,0.00040599751625050655,3.931285819305385e-05,0.0
629,0.000565644574743889,0.00022249079678440776,0.0
630,0.0002911422434108288,5.097658410231872e-05,0.0
631,0.00032841530484495395,5.88497885220817e-98,0.0
632,0.0006674257253906365,2.9159573898481964e-247,0.0
633,0.0002838382876750684,2.6839971771374276e-06,0.0
634,0.00030617389435906795,5.567044929813682e-230,0.0
635,0.004895496122290994,0.0019778662868274815,0.0
636,0.00036140833264204647,5.078198254361144e-98,0.0
637,0.000379305566426806,5.466598456515936e-98,0.0
638,0.001153112784943867,8.472839565498201e-06,0.0010916405891284453
639,0.0003211841220032264,4.085391751236807e-05,0.0
640,0.0004511844178619683,0.002728751973016964,0.0
641,0.0007003305300496781,0.002952845279819657,0.009794252844860405
642,0.00079038832185188,0.000883058299002764,0.0
643,0.0003231235392351321,6.131953178142526e-07,0.0
644,0.0003028076114520474,5.790921384037251e-06,0.0
645,0.001153112784943867,8.472839565498201e-06,0.0008949944233404168
646,0.0008067861588501296,5.5326134024425445e-98,2.847261507112117e-97
647,0.0003115905964857852,0.00034032375455404947,0.0
648,0.0017294879249972277,0.000253326580057624,0.0026843513759846897
649,0.00038665605101517145,0.001594421549474946,0.0
650,0.002030107655461941,8.113023782524641e-97,1.8057823622461973e-97
651,0.000379305566426806,5.466598456515936e-98,0.0
652,0.00043802372514553986,3.7470447127822925e-05,0.0
653,0.00039048395923607735,1.3974656441149456e-97,0.0
654,0.002034272328555651,0.00028489535907191696,0.0010569558587828814
655,0.0003528884827045066,3.3288796836673885e-05,0.0
656,0.0002947895164444538,0.0004393281433974428,0.0
657,0.00031695449012023833,0.00011167453097082696,0.0
658,0.0014636889618585291,7.277072966263107e-97,0.0
659,0.0003535212954893161,0.0011406408160902748,0.010772143557578325
660,0.0026041059654788264,0.0005186246047453932,0.0
661,0.0002914395190336794,0.0004470823104860521,0.0
662,0.0005635662049556787,0.003554027283824093,0.013208866570882447
663,0.00048392716580681526,3.279235373769995e-05,0.0
664,0.0008196231079328286,2.730912102562426e-06,0.0
665,0.0006674257253906365,2.9159573898481964e-247,0.0
666,0.0011668822472847532,0.0003753517257084037,0.0
667,0.0005006495179520532,0.00011093516578819553,0.0
668,0.0003727037081428068,3.337331086409823e-05,0.0
669,0.0003115905964857852,0.00034032375455404947,0.0
670,0.0006160166626838254,0.00020198342838153576,0.0
671,0.0006674257253906365,2.9159573898481964e-247,0.0
672,0.0003257363417420207,5.2242145344395794e-98,0.0
673,0.0002947895164444538,0.0004393281433974428,0.0
674,0.00029226063674000596,9.191906221209175e-98,0.0
675,0.0003280262005941645,0.0005393893391585528,0.0
676,0.0002914395190336794,0.0004470823104860521,0.0
677,0.0005111859397980361,1.1414598368630692e-97,0.0
678,0.00029978927014898517,0.00045496495180873055,0.0
679,0.0006322936209051021,8.46527e-319,0.0
680,0.0003773299849585552,0.0001448748294401613,0.0
681,0.0003645916564402116,2.5519502189650183e-97,0.0
682,0.00035667339922908176,8.855988171438174e-05,0.0
683,0.0007200400853357709,0.003542765123785215,0.0
684,0.0007336434414477392,0.0007083697778555659,0.0
685,0.00042121254825425706,3.908223629118948e-05,0.0
686,0.00040141883524148596,0.0012804892064495195,0.0
687,0.0006680824532185589,0.0012778077792347663,0.0
688,0.0002886338596406249,3.1069242068998236e-06,0.0
689,0.0007231457377094482,0.0001427380151984945,0.002309237347045911
690,0.002332707603917772,0.000447780846753472,0.0
691,0.00040599751625050655,3.931285819305385e-05,0.0
692,0.0002886338596406249,3.1069242068998236e-06,0.0
693,0.0003231235392351321,6.131953178142526e-07,0.0
694,0.00032735658270826126,3.4259518038884886e-05,0.0
695,0.003406730162477214,0.0018660035622550916,0.0039583451643395145
696,0.00048392716580681526,3.279235373769995e-05,0.0
697,0.0005213610289692914,1.1822384718197043e-97,0.0
698,0.00040141883524148596,0.0012804892064495195,0.0
699,0.00029978927014898517,0.00045496495180873055,0.0
700,0.00035505320913440785,0.0011310775236090312,0.0
701,0.0002886338596406249,3.1069242068998236e-06,0.0
702,0.0008067861588501296,5.5326134024425445e-98,3.8714534119561867e-97
703,0.00034812019171100324,0.0005512725122993378,0.0
704,0.00039398227124549175,4.694284873876863e-98,0.0
705,0.0006674257253906365,2.9159573898481964e-247,0.0
706,0.00029487714635825974,0.00038176414977262105,0.0
707,0.0005979116641034463,2.5139841811446245e-97,0.0
708,0.0003028076114520474,5.790921384037251e-06,0.0
709,0.0004760666194248404,0.0004650831132850176,0.0
710,0.0003727037081428068,3.337331086409823e-05,0.0
711,0.00029226063674000596,9.191906221209175e-98,0.0
712,0.0007296870021231852,0.000388246780402944,0.0
713,0.0002886338596406249,3.1069242068998236e-06,0.0
714,0.00035982381160791174,3.983233336453867e-05,0.0
715,0.0003925519041984088,3.466144651537821e-98,0.0
716,0.00043303006114385397,6.988543520070632e-05,0.0
717,0.00030617389435906795,5.567044929813682e-230,0.0
718,0.0008824197687510467,4.31878416079178e-97,0.0
719,0.00029874016245767684,8.89645818678831e-98,0.0
720,0.0006322936209051021,8.46527e-319,0.0
721,0.0003743911814872127,3.960688314213868e-05,0.0
722,0.0021706053089425117,0.00032420821726497086,0.0
723,0.0003028076114520474,5.790921384037251e-06,0.0
724,0.00035183789067560063,0.0012026100793171505,0.0
725,0.0020258758602608464,0.0007029027614076897,0.0
726,0.0002838382876750684,2.6839971771374276e-06,0.0
727,0.0003895443902073486,0.001138202816695061,0.0
728,0.000335234918223112,4.0503986255314696e-05,0.0
729,0.0003314880392311425,4.0602936557451873e-05,0.0
730,0.0003213362633340368,1.8088364407997486e-97,0.0
731,0.0003017110555331269,0.000491296106717145,0.0
732,0.0003372839926718453,4.104973058748921e-05,0.0
733,0.00035505320913440785,0.0011310775236090312,0.0
734,0.0007296870021231852,0.000388246780402944,0.0
735,0.0005334211657750625,0.00035084805832296827,0.0
736,0.00029226063674000596,9.191906221209175e-98,0.0
737,0.0009715381700789075,3.334967889039734e-97,0.0
738,0.0003743911814872127,3.960688314213868e-05,0.0
739,0.0003891471745978601,0.0005604892152654869,0.010311708916722315
740,0.0003030045886077924,0.000383432396100611,0.0
741,0.004513760164205868,0.0015604242502835117,0.0
742,0.0003211841220032264,4.085391751236807e-05,0.0
743,0.00036140833264204647,5.078198254361144e-98,0.0
744,0.00029838242298551004,0.00036937747924413016,0.0
745,0.00044749782656038,2.107818680940657e-97,0.0
746,0.0003830322286364009,0.0002011809736242813,0.0
747,0.00028912711341079803,0.00010011556858563529,0.0
748,0.0025435123361298153,0.0007661834704361776,0.004189549696740235
749,0.0003891471745978601,0.0005604892152654869,0.0
750,0.00046358500951294666,1.0934254919888431e-97,0.0
751,0.00043303006114385397,6.988543520070632e-05,0.0
752,0.0003642857082834034,3.2719482562846537e-98,0.0
753,0.0005111859397980361,1.1414598368630692e-97,0.0
754,0.00029226063674000596,9.191906221209175e-98,0.0
755,0.0006169236752155706,0.0003726208136058412,0.01466694261656305
756,0.00030617389435906795,5.567044929813682e-230,0.0
757,0.0006674257253906365,2.9159573898481964e-247,0.0
758,0.00032841530484495395,5.88497885220817e-98,0.0
759,0.0002886338596406249,3.1069242068998236e-06,0.0
760,0.00046786241153529135,5.245398926180764e-07,0.0
761,0.005528834837444202,0.030404363365365058,0.0
762,0.00034443326492495643,4.034414296065897e-98,0.0
763,0.0003411099884903579,0.0003663190837164937,0.0
764,0.0004361124295453674,7.164516672458748e-293,0.0
765,0.0007821451741723237,0.0002286287547258635,0.00421398069112227
766,0.000291031133265099,0.0005687567055503048,0.0
767,0.0002991379698707756,0.00034927988912052165,0.0
768,0.00032735658270826126,3.4259518038884886e-05,0.0
769,0.0005213610289692914,1.1822384718197043e-97,0.0
770,0.001153112784943867,8.472839565498201e-06,0.0
771,0.0008484558235634317,0.00037443811016645733,2.4563243277645843e-05
772,0.0012605205651029087,4.181092801680141e-05,0.0009210929953873338
773,0.000377072316022688,3.333808845130321e-05,0.0
774,0.0006876924872226005,0.0002456059233419346,0.0
775,0.0006268033238013433,2.886406104394167e-97,0.0
776,0.0003377491302051441,0.0010438554439535887,0.0
777,0.00042121254825425706,3.908223629118948e-05,0.0
778,0.00030617389435906795,5.567044929813682e-230,0.0
779,0.00038541770185794035,5.8045079596605276e-98,0.0
780,0.00030503351856718726,0.0004524571516762597,0.0
781,0.0005519263863252149,0.000396216807375685,0.0
782,0.0003559257992810864,0.0004021602543051923,0.0
783,0.00032380403275386247,6.428422146984332e-98,0.0
784,0.0004361124295453674,7.164516672458748e-293,0.0
785,0.001004659017169619,5.461803838617788e-97,0.0
786,0.000377072316022688,3.333808845130321e-05,0.0
787,0.00030617389435906795,5.567044929813682e-230,0.0
788,0.00048299480339423275,3.122279537300705e-05,0.0
789,0.00032093900333483773,1.6988942570421403e-05,0.0
790,0.0010432846771690858,3.356004551372612e-97,0.0
791,0.0003211841220032264,4.085391751236807e-05,0.0
792,0.0022590708159085683,3.098652972302e-311,0.0
793,0.0004605373562845558,0.0017347023509619401,0.0
794,0.0002886338596406249,3.1069242068998236e-06,0.0
795,0.000379305566426806,5.466598456515936e-98,0.0
796,0.00035357368506569795,0.0005001670615886329,0.0
797,0.0008238655199165215,0.001998062888924847,0.0
798,0.00032093900333483773,1.6988942570421403e-05,0.0
799,0.0005350266930021706,0.000261816801939766,0.0
800,0.00034651759032009496,0.00038438439870135387,0.0
801,0.00029978927014898517,0.00045496495180873055,0.0
802,0.001153112784943867,8.472839565498201e-06,0.0008972666467436816
803,0.00034812019171100324,0.0005512725122993378,0.012020145294601445
804,0.0006071293978097546,1.8468935870228834e-97,0.0
805,0.0002945695636257931,0.00044335932305093664,0.0
806,0.00032735658270826126,3.4259518038884886e-05,0.0
807,0.0003314880392311425,4.0602936557451873e-05,0.0
808,0.000921538667933692,2.9305947894305513e-97,2.3300545399693248e-97
809,0.00030617389435906795,5.567044929813682e-230,0.0
810,0.00030617389435906795,5.567044929813682e-230,0.0
811,0.0002838382876750684,2.6839971771374276e-06,0.0
812,0.0006481387540419718,0.0007170895779579019,0.0
813,0.0003354879601556511,5.465232383890482e-98,0.0
814,0.000291031133265099,0.0005687567055503048,0.0
815,0.00044537043721907843,0.0019754794390722543,0.0103915713874937
816,0.0006674257253906365,2.9159573898481964e-247,0.0
817,0.0004361124295453674,7.164516672458748e-293,0.0
818,0.0008067861588501296,5.5326134024425445e-98,1.5576293263807532e-97
819,0.0031380200687399877,0.020061112976446395,0.0
820,0.0021706053089425117,0.00032420821726497086,0.0
821,0.0003381075608457996,1.2047600391908853e-05,0.0
822,0.0003645916564402116,2.5519502189650183e-97,0.0
823,0.000335234918223112,4.0503986255314696e-05,0.0
824,0.0003925519041984088,3.466144651537821e-98,0.0
825,0.00048299480339423275,3.122279537300705e-05,0.0
826,0.0006674257253906365,2.9159573898481964e-247,0.0
827,0.00033055356640141273,0.00018748635663489132,0.0
828,0.0006674257253906365,2.9159573898481964e-247,0.0
829,0.0003086811078840427,0.0006007440241122139,0.0
830,0.001153112784943867,8.472839565498201e-06,0.0010889802355856268
831,0.0008067861588501296,5.5326134024425445e-98,0.0
832,0.00040599751625050655,3.931285819305385e-05,0.0
833,0.0005510231361963674,0.0005160957549542643,0.0
834,0.00040599751625050655,3.931285819305385e-05,0.0
835,0.000378792950574417,0.0016043448369970478,0.014924742983218131
836,0.0003211841220032264,4.085391751236807e-05,0.0
837,0.0003528884827045066,3.3288796836673885e-05,0.0
838,0.0003498061143029933,3.659663836403244e-05,0.0
839,0.0002947895164444538,0.0004393281433974428,0.0
840,0.0008067861588501296,5.5326134024425445e-98,2.96173984048443e-97
841,0.0003498061143029933,3.659663836403244e-05,0.0
842,0.00038541770185794035,5.8045079596605276e-98,0.0
843,0.0006674257253906365,2.9159573898481964e-247,0.0
844,0.0004371031908172824,8.002258805640111e-05,0.0
845,0.000410391484434985,2.3227629162832952e-97,0.0
846,0.00034240995610388325,0.0009519992242186868,0.0
847,0.0009200370258444785,0.0009197644468998514,0.0
848,0.009085625014335349,0.004426669893439019,0.0040421564011715
849,0.0004364172107367257,7.380184072564792e-98,0.0
850,0.00040692354058178534,0.0001425917293820699,0.0
851,0.0006200521939393137,0.0006269380817539407,0.00032390882789490473
852,0.00030617389435906795,5.567044929813682e-230,0.0
853,0.001316478310224075,7.835827476620452e-05,0.0008963196655961561
854,0.0006322936209051021,8.46527e-319,0.0
855,0.0008361046662108932,0.00023956325433163627,0.0
856,0.006208278247102602,0.0023404968450826606,0.0
857,0.00034812019171100324,0.0005512725122993378,0.015518973821699143
858,0.0003743911814872127,3.960688314213868e-05,0.0
859,0.0022590708159085683,3.098652972302e-311,0.0
860,0.0002838382876750684,2.6839971771374276e-06,0.0
861,0.0006787495924872687,0.00015047917122281722,0.0
862,0.0002945695636257931,0.00044335932305093664,0.0
863,0.005148117705833608,0.028627191396367817,0.010438307669858477
864,0.0006674257253906365,2.9159573898481964e-247,0.0
865,0.00029792352877845935,0.00043429359532993984,0.0
866,0.0003645916564402116,2.5519502189650183e-97,0.0
867,0.0005082734763078725,0.0027112677797659973,0.0
868,0.000379305566426806,5.466598456515936e-98,0.0
869,0.00030339338408348653,0.000351255200106473,0.0
870,0.0006827228727569707,0.0007381834695626027,0.0
871,0.0006671941552235103,3.614910251594906e-97,0.0
872,0.003000961680328505,0.001024882062897656,0.0042282808271675715
873,0.0004361124295453674,7.164516672458748e-293,0.0
874,0.0007207148375156676,0.0007159791855414015,0.0
875,0.00048392716580681526,3.279235373769995e-05,0.0
876,0.0006010470782001092,0.00039671746263561785,0.0
877,0.0003372839926718453,4.104973058748921e-05,0.0
878,0.00036140833264204647,5.078198254361144e-98,0.0
879,0.0003216182309174803,0.0008695881319969103,0.0
880,0.0004347643628673033,6.759760649018809e-05,0.0
881,0.001097699733305251,3.633950129180643e-97,0.0
882,0.0004874790247749744,2.8985646841188005e-97,0.0
883,0.0003925519041984088,3.466144651537821e-98,0.0
884,0.0003160186613296735,3.464463787223756e-05,0.0
885,0.0011701459330296221,0.0002057168699834165,0.0
886,0.0022590708159085683,3.098652972302e-311,0.0
887,0.00048299480339423275,3.122279537300705e-05,0.0
888,0.0008067861588501296,5.5326134024425445e-98,1.7046104664903837e-97
889,0.00032735658270826126,3.4259518038884886e-05,0.0
890,0.0005603255630629232,0.0002556707509210727,0.0
891,0.00043802372514553986,3.7470447127822925e-05,0.0
892,0.0003050625013048549,0.0005102576508405679,0.0
893,0.00039398227124549175,4.694284873876863e-98,0.0
894,0.00032735658270826126,3.4259518038884886e-05,0.0
895,0.00030339338408348653,0.000351255200106473,0.0
896,0.0003958147687308884,0.0007817501493170645,0.012164651955961999
897,0.005089026045849708,0.0023827162178094094,0.00411840867696723
898,0.0003372839926718453,4.104973058748921e-05,0.0
899,0.0005213610289692914,1.1822384718197043e-97,0.0
900,0.0005349693396839467,0.00030721101998216354,0.0
901,0.0006322936209051021,8.46527e-319,0.0
902,0.0003028076114520474,5.790921384037251e-06,0.0
903,0.0004347643628673033,6.759760649018809e-05,0.0
904,0.000560979899509338,2.479381484852546e-97,0.0
905,0.0003463655164088959,0.001105655740137545,0.011676311037010858
906,0.0003528884827045066,3.3288796836673885e-05,0.0
907,0.00029226063674000596,9.191906221209175e-98,0.0
908,0.0007267138960264807,0.0,0.0
909,0.000668770355402421,0.0006538694631116458,0.0
910,0.0003925519041984088,3.466144651537821e-98,0.0
911,0.0008067861588501296,5.5326134024425445e-98,0.0
912,0.0008193278469940858,0.00017681893195645916,0.0
913,0.000377072316022688,3.333808845130321e-05,0.0
914,0.0003891471745978601,0.0005604892152654869,0.011693270651096875
915,0.0005798327349855172,3.0546746734923426e-97,0.0
916,0.0003028076114520474,5.790921384037251e-06,0.0
917,0.00041315801180869443,0.0012761059297773732,0.0
918,0.00043802372514553986,3.7470447127822925e-05,0.0
919,0.0004590133116130857,1.6572090293773968e-97,0.0
920,0.0005699873228716168,0.0006058954952730169,0.0016230551414790507
921,0.0003645916564402116,2.5519502189650183e-97,0.0
922,0.0005550785563703181,0.0003331620531372461,0.0
923,0.0004658059390385502,0.00037631139383303763,0.0
924,0.001153112784943867,8.472839565498201e-06,0.0010783017031931338
925,0.0004267398565495339,8.550436461912389e-98,0.0
926,0.00048299480339423275,3.122279537300705e-05,0.0
927,0.0003028076114520474,5.790921384037251e-06,0.0
928,0.0004361124295453674,7.164516672458748e-293,0.0
929,0.0004379767951399826,0.002070053131082378,0.011920049967967904
930,0.0005330128369016162,0.0013570080967859719,0.010308869314860315
931,0.0019455753443828824,0.013069323718283225,0.0012768133619586919
932,0.00032735658270826126,3.4259518038884886e-05,0.0
933,0.0022590708159085683,3.098652972302e-311,0.0
934,0.0003030941409453105,0.0003865084515732214,0.0
935,0.0007052069463911913,1.07460055577934e-06,0.0
936,0.0005623689633637165,0.0035332863872489335,0.0
937,0.00045747287408181236,1.0596345416743837e-97,0.0
938,0.00035357368506569795,0.0005001670615886329,0.0
939,0.0009899744168479923,0.002431795515594187,0.0
940,0.00032735658270826126,3.4259518038884886e-05,0.0
941,0.0004361124295453674,7.164516672458748e-293,0.0
942,0.0003231235392351321,6.131953178142526e-07,0.0
943,0.0003053507881982406,0.0004580478559405397,0.0
944,0.0003891471745978601,0.0005604892152654869,0.010714086689275114
945,0.0003050545010579927,0.0004598060135878883,0.0
946,0.009975622797767314,0.004714863871207508,0.004092802045963253
947,0.000335234918223112,4.0503986255314696e-05,0.0
948,0.0025010667931996654,0.00048525129388129497,0.0008394484149440488
949,0.0004371031908172824,8.002258805640111e-05,0.0
950,0.00030617389435906795,5.567044929813682e-230,0.0
951,0.00028912711341079803,0.00010011556858563529,0.0
952,0.00032479123785123193,0.00036928856036098364,0.0
953,0.0005896267973712016,0.0007265352669354287,0.0
954,0.0006674257253906365,2.9159573898481964e-247,0.0
955,0.0068100475225546285,0.003352295496304219,0.00407220842942128
956,0.00042121254825425706,3.908223629118948e-05,0.0
957,0.00032735658270826126,3.4259518038884886e-05,0.0
958,0.0003085845969920235,0.00036001348344872594,0.0
959,0.0003211841220032264,4.085391751236807e-05,0.0
960,0.0003743911814872127,3.960688314213868e-05,0.0
961,0.0004347643628673033,6.759760649018809e-05,0.0
962,0.00029874016245767684,8.89645818678831e-98,0.0
963,0.00038541770185794035,5.8045079596605276e-98,0.0
964,0.0002991379698707756,0.00034927988912052165,0.0
965,0.0007296870021231852,0.000388246780402944,0.0
966,0.00048712815570301795,0.0004299513560234117,0.0
967,0.0003727037081428068,3.337331086409823e-05,0.0
968,0.0003115905964857852,0.00034032375455404947,0.0
969,0.0019905806210862888,0.004999343186107379,0.0
970,0.0002886338596406249,3.1069242068998236e-06,0.0
971,0.0008067861588501296,5.5326134024425445e-98,2.677439801907285e-97
972,0.00036140833264204647,5.078198254361144e-98,0.0
973,0.00030617389435906795,5.567044929813682e-230,0.0
974,0.0022590708159085683,3.098652972302e-311,0.0
975,0.0003743911814872127,3.960688314213868e-05,0.0
976,0.00043303006114385397,6.988543520070632e-05,0.0
977,0.00029838242298551004,0.00036937747924413016,0.0
978,0.00029226063674000596,9.191906221209175e-98,0.0
979,0.0003645916564402116,2.5519502189650183e-97,0.0
980,0.00036140833264204647,5.078198254361144e-98,0.0
981,0.00048392716580681526,3.279235373769995e-05,0.0
982,0.00038541770185794035,5.8045079596605276e-98,0.0
983,0.0003642857082834034,3.2719482562846537e-98,0.0
984,0.00031851535494628873,0.00037637794923551946,0.0
985,0.0006674257253906365,2.9159573898481964e-247,0.0
986,0.000377072316022688,3.333808845130321e-05,0.0
987,0.0005510231361963674,0.0005160957549542643,0.0
988,0.0003115905964857852,0.00034032375455404947,0.0
989,0.0003231235392351321,6.131953178142526e-07,0.0
990,0.0002947895164444538,0.0004393281433974428,0.0
991,0.00048299480339423275,3.122279537300705e-05,0.0
992,0.0003327453174768176,5.684970083865485e-98,0.0
993,0.0006613807370758296,0.00017856799469117865,0.0
994,0.0006234047452076471,2.7768728379779664e-97,0.0
995,0.000552520857063868,3.8440537228028175e-05,0.0
996,0.00043138285864268816,0.0017944388616678107,0.009443761119007249
997,0.00048299480339423275,3.122279537300705e-05,0.0
998,0.00032735658270826126,3.4259518038884886e-05,0.0
999,0.0008193278469940858,0.00017681893195645916,0.0
1000,0.0003925519041984088,3.466144651537821e-98,0.0
1001,0.0005038633796343136,0.00017194968040554976,0.0
1002,0.0003528884827045066,3.3288796836673885e-05,0.0
1003,0.0008378628738154529,0.002569156087622199,0.00294137755743837
1004,0.0003891471745978601,0.0005604892152654869,0.0
1005,0.0003743911814872127,3.960688314213868e-05,0.0
1006,0.0021801617517847793,0.0006471383637718155,0.0
1007,0.0005184836533279345,1.3628634716273533e-97,0.0
1008,0.0006674257253906365,2.9159573898481964e-247,0.0
1009,0.0005584212069835306,0.00046114040326897113,0.0016835832450931198
1010,0.00030617389435906795,5.567044929813682e-230,0.0
1011,0.0003231235392351321,6.131953178142526e-07,0.0
1012,0.00032735658270826126,3.4259518038884886e-05,0.0
1013,0.0003469439150730166,3.991578360027665e-05,0.0
1014,0.00039398227124549175,4.694284873876863e-98,0.0
1015,0.0008067861588501296,5.5326134024425445e-98,4.788773637106098e-97
1016,0.0003721602433430246,0.0007443951155308359,0.0
1017,0.00040901258811004384,0.0014743076894439449,0.0
1018,0.0002838382876750684,2.6839971771374276e-06,0.0
1019,0.0004691951173163597,0.0021403978918489086,0.009149860956244591
1020,0.0003038957223095966,0.0004656326623224782,0.0
1021,0.011065796188856246,0.004884948280187344,0.0
1022,0.00029874016245767684,8.89645818678831e-98,0.0
1023,0.00035999460592933176,0.00022339406118714205,0.0
1024,0.00052655431872839,0.0003621159439640016,0.0
1025,0.0004598748000228097,0.0002717993639093475,0.0
1026,0.0003323438385086725,0.00038170040152421644,7.216128950488273e-05
1027,0.00034783184351865233,5.129746960227902e-98,0.0
1028,0.0006674257253906365,2.9159573898481964e-247,0.0
1029,0.0003115905964857852,0.00034032375455404947,0.0
1030,0.00040599751625050655,3.931285819305385e-05,0.0
1031,0.0003908012484401186,0.0015592512433544455,0.0
1032,0.0007133106700256973,0.0008021680222231394,0.0
1033,0.0003263353220125438,0.000761700044364901,0.0
1034,0.00029775056889951495,0.00034745254437756065,0.0
1035,0.00048392716580681526,3.279235373769995e-05,0.0
1036,0.0003381075608457996,1.2047600391908853e-05,0.0
1037,0.00041839734348135283,0.0014603460827028523,0.0
1038,0.0003050625013048549,0.0005102576508405679,0.0
1039,0.000379305566426806,5.466598456515936e-98,0.0
1040,0.00029792352877845935,0.00043429359532993984,0.0
1041,0.0008067861588501296,5.5326134024425445e-98,0.0
1042,0.00036140833264204647,5.078198254361144e-98,0.0
1043,0.0004632143780279602,0.00030298304877520306,0.0
1044,0.000335234918223112,4.0503986255314696e-05,0.0
1045,0.0003645916564402116,2.5519502189650183e-97,0.0
1046,0.0003211841220032264,4.085391751236807e-05,0.0
1047,0.0002838382876750684,2.6839971771374276e-06,0.0
1048,0.001153112784943867,8.472839565498201e-06,0.0
1049,0.0009538000227417682,0.000946196702128013,0.0
1050,0.0002838382876750684,2.6839971771374276e-06,0.0
1051,0.0005347092198168308,2.7921914036709815e-97,0.0
1052,0.015536213671380061,0.02459837108138263,0.00022779868549121815
1053,0.00029487714635825974,0.00038176414977262105,0.0
1054,0.0003086811078840427,0.0006007440241122139,0.0
1055,0.00039398227124549175,4.694284873876863e-98,0.0
1056,0.0003891471745978601,0.0005604892152654869,0.0
1057,0.0003053507881982406,0.0004580478559405397,0.0
1058,0.0018485551481395354,0.0006399083444577042,0.003768421641149328
1059,0.0003743911814872127,3.960688314213868e-05,0.0
1060,0.0006169236752155706,0.0003726208136058412,0.0
1061,0.0003528884827045066,3.3288796836673885e-05,0.0
1062,0.0002838382876750684,2.6839971771374276e-06,0.0
1063,0.0003528884827045066,3.3288796836673885e-05,0.0
1064,0.0022590708159085683,3.098652972302e-311,0.0
1065,0.0003314880392311425,4.0602936557451873e-05,0.0
1066,0.0003372839926718453,4.104973058748921e-05,0.0
1067,0.0003314880392311425,4.0602936557451873e-05,0.0
1068,0.00046786241153529135,5.245398926180764e-07,0.0
1069,0.00029874016245767684,8.89645818678831e-98,0.0
1070,0.0019653331352413143,9.960297131487101e-97,0.0
1071,0.0013414691932671185,0.005910127547637241,0.013447368886800738
1072,0.00029226063674000596,9.191906221209175e-98,0.0
1073,0.0009395041714704349,0.00011812803265354002,0.0
1074,0.002261301169966508,0.00044529524882631503,0.0010507554149193964
1075,0.0003469439150730166,3.991578360027665e-05,0.0
1076,0.00036140833264204647,5.078198254361144e-98,0.0
1077,0.0003925519041984088,3.466144651537821e-98,0.0
1078,0.0009164271894132897,1.0999211858958481e-97,2.124527973076643e-97
1079,0.00033551602984618076,1.6623044002861877e-97,0.0
1080,0.0006674257253906365,2.9159573898481964e-247,0.0
1081,0.0007684852094026939,0.00019851352374414705,0.0
1082,0.0002838382876750684,2.6839971771374276e-06,0.0
1083,0.0003211841220032264,4.085391751236807e-05,0.0
1084,0.010251535658056298,0.0047198763741258054,0.003967043117391752
1085,0.0003727037081428068,3.337331086409823e-05,0.0
1086,0.0003830322286364009,0.0002011809736242813,0.0
1087,0.00029226063674000596,9.191906221209175e-98,0.0
1088,0.0003350511082772734,0.0008747285028177559,0.0
1089,0.0014632205007145168,0.011542290123606106,0.0
1090,0.0002886338596406249,3.1069242068998236e-06,0.0
1091,0.00037333280220561697,0.0009330366620719588,0.0
1092,0.0003645916564402116,2.5519502189650183e-97,0.0
1093,0.00043574703987765256,0.0017027771409057835,0.0
1094,0.0005552127500445161,0.0014738067999770005,0.0
1095,0.00029487714635825974,0.00038176414977262105,0.0
1096,0.0005971825689852462,0.0001135887663254227,0.0
1097,0.0006001260201208001,0.0001610430766163241,0.0
1098,0.0003086811078840427,0.0006007440241122139,0.0
1099,0.0008628158600486331,0.0008004203109942674,0.0
1100,0.00040216784682575865,0.0001186272116086362,0.0
1101,0.0006674257253906365,2.9159573898481964e-247,0.0
1102,0.00046786241153529135,5.245398926180764e-07,0.0
1103,0.00040599751625050655,3.931285819305385e-05,0.0
1104,0.00042121254825425706,3.908223629118948e-05,0.0
1105,0.0003528884827045066,3.3288796836673885e-05,0.0
1106,0.00032380403275386247,6.428422146984332e-98,0.0
1107,0.000496429119342155,6.77036911381398e-05,0.0
1108,0.000291877257719705,0.0005551171315162552,0.0
1109,0.0003028076114520474,5.790921384037251e-06,0.0
1110,0.0006674257253906365,2.9159573898481964e-247,0.0
1111,0.0003028076114520474,5.790921384037251e-06,0.0
1112,0.0007265393726191913,4.1923463742701273e-97,0.0
1113,0.0008074724475774262,0.006209828353224998,0.009868577580208092
1114,0.0003743911814872127,3.960688314213868e-05,0.0
1115,0.00030617389435906795,5.567044929813682e-230,0.0
1116,0.0003320958562158048,0.0003948111860574996,0.0
1117,0.0003743911814872127,3.960688314213868e-05,0.0
1118,0.0006284828927362478,0.0006545105821807002,0.0016824835248225236
1119,0.00033051760744136214,0.0010673172085911525,0.0
1120,0.0007267138960264807,0.0,0.0
1121,0.0007393450449645359,0.00285703105831531,1.4102650841249768e-05
1122,0.0003050545010579927,0.0004598060135878883,0.0
1123,0.00512088814800878,0.028203286565857737,0.0
1124,0.00029792352877845935,0.00043429359532993984,0.0
1125,0.00032735658270826126,3.4259518038884886e-05,0.0
1126,0.00029226063674000596,9.191906221209175e-98,0.0
1127,0.0003727037081428068,3.337331086409823e-05,0.0
1128,0.0003727037081428068,3.337331086409823e-05,0.0
1129,0.0003030941409453105,0.0003865084515732214,0.0
1130,0.0007042391363557949,0.0007990757252663655,0.0
1131,0.00037620622474687223,0.0008987250566768986,0.010264017253440528
1132,0.0002838382876750684,2.6839971771374276e-06,0.0
1133,0.00048392716580681526,3.279235373769995e-05,0.0
1134,0.009461788024196864,0.004236892842404707,0.0018357421113713273
1135,0.0003314880392311425,4.0602936557451873e-05,0.0
1136,0.000379305566426806,5.466598456515936e-98,0.0
1137,0.000552520857063868,3.8440537228028175e-05,0.0
1138,0.00048299480339423275,3.122279537300705e-05,0.0
1139,0.0009395041714704349,0.00011812803265354002,0.00421398069112227
1140,0.0003211841220032264,4.085391751236807e-05,0.0
1141,0.0003231235392351321,6.131953178142526e-07,0.0
1142,0.0007296870021231852,0.000388246780402944,0.0
1143,0.0014821442263944476,0.0004396953378894035,0.003835018896947645
1144,0.00029226063674000596,9.191906221209175e-98,0.0
1145,0.0016683809466352991,0.005913736027843782,0.0
1146,0.0008067861588501296,5.5326134024425445e-98,0.0
1147,0.0020870015607430607,0.014060736300230773,0.0
1148,0.0004361124295453674,7.164516672458748e-293,0.0
1149,0.0004275489034358721,0.0016172876870031159,0.0
1150,0.0004658059390385502,0.00037631139383303763,0.013937144578835388
1151,0.005528834837444202,0.030404363365365058,0.0
1152,0.0004371031908172824,8.002258805640111e-05,0.0
1153,0.00036140833264204647,5.078198254361144e-98,0.0
1154,0.0002838382876750684,2.6839971771374276e-06,0.0
1155,0.0003909587587242061,0.0019312727414088403,0.0
1156,0.0006001260201208001,0.0001610430766163241,0.0
1157,0.0007296870021231852,0.000388246780402944,0.011089906615244213
1158,0.0003028076114520474,5.790921384037251e-06,0.0
1159,0.00030617389435906795,5.567044929813682e-230,0.0
1160,0.0003314880392311425,4.0602936557451873e-05,0.0
1161,0.0009164271894132897,1.0999211858958481e-97,0.0
1162,0.0007610397559601536,0.0008032948929316664,0.0
1163,0.0008786284229514928,0.00029635785220939075,0.0030436888998813505
1164,0.0006674257253906365,2.9159573898481964e-247,0.0
1165,0.00040141883524148596,0.0012804892064495195,0.0
1166,0.0006169236752155706,0.0003726208136058412,4.885938940021196e-05
1167,0.00035339721139631563,0.0013956931273539216,0.0
1168,0.00029978927014898517,0.00045496495180873055,0.0
1169,0.0003528884827045066,3.3288796836673885e-05,0.0
1170,0.0002838382876750684,2.6839971771374276e-06,0.0
1171,0.0002991379698707756,0.00034927988912052165,0.0
1172,0.0004347643628673033,6.759760649018809e-05,0.0
1173,0.00029226063674000596,9.191906221209175e-98,0.0
1174,0.0006274563614292842,0.0005407492450722029,0.0015140698659850235
1175,0.0002838382876750684,2.6839971771374276e-06,0.0
1176,0.0022590708159085683,3.098652972302e-311,0.0
1177,0.00039398227124549175,4.694284873876863e-98,0.0
1178,0.000335234918223112,4.0503986255314696e-05,0.0
1179,0.0007165244257059017,0.0007745313963922085,0.0
1180,0.00034812019171100324,0.0005512725122993378,0.0
1181,0.00039398227124549175,4.694284873876863e-98,0.0
1182,0.00029226063674000596,9.191906221209175e-98,0.0
1183,0.0005036058104843964,0.0005248706949182818,0.0013705439315331053
1184,0.0010056322541076859,0.0058026927761348525,0.0
1185,0.0005971825689852462,0.0001135887663254227,0.0
1186,0.00035990260693676164,0.000989701825862199,0.0
1187,0.00032735658270826126,3.4259518038884886e-05,0.0
1188,0.0009164271894132897,1.0999211858958481e-97,2.672481247848616e-97
1189,0.0005881600456898161,2.6293810150469615e-97,0.0
1190,0.0003028076114520474,5.790921384037251e-06,0.0
1191,0.0003388315976174933,0.00036429153592107,0.0
1192,0.000433932326148184,0.00035779158145691933,0.0
1193,0.000379305566426806,5.466598456515936e-98,0.0
1194,0.0005164133167239344,0.0025528177639301012,0.0
1195,0.0003115905964857852,0.00034032375455404947,0.0
1196,0.000379305566426806,5.466598456515936e-98,0.0
1197,0.0003028076114520474,5.790921384037251e-06,0.0
1198,0.00032735658270826126,3.4259518038884886e-05,0.0
1199,0.0026105907405703514,0.017299546961673587,0.015069175508697227
1200,0.00046786241153529135,5.245398926180764e-07,0.0
1201,0.0006560665393721336,0.00022679700403060201,0.0
1202,0.00035696077039927397,0.0013855892019233183,0.0
1203,0.0004361124295453674,7.164516672458748e-293,0.0
1204,0.0022590708159085683,3.098652972302e-311,0.0
1205,0.0002914395190336794,0.0004470823104860521,0.0
1206,0.0002886338596406249,3.1069242068998236e-06,0.0
1207,0.0004361124295453674,7.164516672458748e-293,0.0
1208,0.000377072316022688,3.333808845130321e-05,0.0
1209,0.000496429119342155,6.77036911381398e-05,0.0
1210,0.00032735658270826126,3.4259518038884886e-05,0.0
1211,0.0002838382876750684,2.6839971771374276e-06,0.0
1212,0.0003009735077414966,0.00037357821737156265,0.0
1213,0.00038724031957477003,0.00015808671299279533,0.0
1214,0.0002838382876750684,2.6839971771374276e-06,0.0
1215,0.0003030045886077924,0.000383432396100611,0.0
1216,0.00029978927014898517,0.00045496495180873055,0.0
1217,0.0002945695636257931,0.00044335932305093664,0.0
1218,0.0008067861588501296,5.5326134024425445e-98,0.0
1219,0.0003925519041984088,3.466144651537821e-98,0.0
1220,0.0003115905964857852,0.00034032375455404947,0.0
1221,0.0010263978863460535,0.004452141720938025,0.0
1222,0.00043802372514553986,3.7470447127822925e-05,0.0
1223,0.00043303006114385397,6.988543520070632e-05,0.0
1224,0.00048392716580681526,3.279235373769995e-05,0.0
1225,0.0003368119299540981,0.0010475542103041823,0.0
1226,0.0006787495924872687,0.00015047917122281722,0.0
1227,0.0032855509374625836,0.013652738204903536,0.009735760413349509
1228,0.0003914960864581256,1.1569948936073654e-97,0.0
